"Category","SizeMB","AuthoredDate","Ext","Name","RelPath"
"_TUTORIALS","1657.4","2024-04-24",".mp4","DJ - FINAL FINAL FINAL - 1080.mp4","_TUTORIALS\DJ\DJ - FINAL FINAL FINAL - 1080.mp4"
"_TUTORIALS","2275.6","2024-05-05",".mp4","9.1 - EK - Tog-Opp - 1080p.mp4","_TUTORIALS\EK\Final Videos\1080\9.1 - EK - Tog-Opp - 1080p.mp4"
"_TUTORIALS","2175","2024-05-07",".mp4","EK - Split-Opp - 1080p.mp4","_TUTORIALS\EK\Final Videos\1080\EK - Split-Opp - 1080p.mp4"
"_TUTORIALS","568.8","2024-04-20",".mp4","1. The Grid.mp4","_TUTORIALS\First series - 1 thru 7\Individual Vids - HD\1. The Grid.mp4"
"_TUTORIALS","428","2024-04-20",".mp4","2. Positions.mp4","_TUTORIALS\First series - 1 thru 7\Individual Vids - HD\2. Positions.mp4"
"_TUTORIALS","435.3","2024-04-20",".mp4","3. Letter A.mp4","_TUTORIALS\First series - 1 thru 7\Individual Vids - HD\3. Letter A.mp4"
"_TUTORIALS","720.9","2024-04-20",".mp4","4. Letter B (front facing).mp4","_TUTORIALS\First series - 1 thru 7\Individual Vids - HD\4. Letter B (front facing).mp4"
"_TUTORIALS","963.1","2024-04-20",".mp4","5. Letter B (body turns).mp4","_TUTORIALS\First series - 1 thru 7\Individual Vids - HD\5. Letter B (body turns).mp4"
"_TUTORIALS","1229.6","2024-04-20",".mp4","6. Letter C.mp4","_TUTORIALS\First series - 1 thru 7\Individual Vids - HD\6. Letter C.mp4"
"_TUTORIALS","221","2024-04-20",".mp4","7. Wrap Up.mp4","_TUTORIALS\First series - 1 thru 7\Individual Vids - HD\7. Wrap Up.mp4"
"_TUTORIALS","0","2024-04-19",".mp4","TKA_tut_full_fixed_audio.mp4","_TUTORIALS\First series - 1 thru 7\TKA_tut_full_fixed_audio.mp4"
"_WORD_VIDEOS","645","2024-05-23",".mp4","kinetic fire 2024 words with friends.mp4","_WORD_VIDEOS\kinetic fire 2024 words with friends.mp4"
"_WORD_VIDEOS","3.6","2024-12-28",".mp4","OmLam-XJ.mp4","_WORD_VIDEOS\OmLam-XJ.mp4"
"_WORD_VIDEOS","82.4","2023-06-20",".mov","ALIΦ.mov","_WORD_VIDEOS\Word Recordings Summer 2024\ALIΦ.mov"
"_WORD_VIDEOS","162.5","2023-06-22",".mp4","Austen Cloud Reel.mp4","_WORD_VIDEOS\Word Recordings Summer 2024\D(1,0)_C(0,1)_K_Ψ-(o,1,1)\Austen Cloud Reel.mp4"
"_WORD_VIDEOS","365.6","2023-06-22",".mp4","D(1,0)_C(0,1)_K_Ψ-(o,1,1)_merged.mp4","_WORD_VIDEOS\Word Recordings Summer 2024\D(1,0)_C(0,1)_K_Ψ-(o,1,1)\D(1,0)_C(0,1)_K_Ψ-(o,1,1)_merged.mp4"
"_WORD_VIDEOS","107.1","2023-07-02",".mp4","D(1,0)_C(0,1)_K_Ψ-(o,1,1)_output.mp4","_WORD_VIDEOS\Word Recordings Summer 2024\D(1,0)_C(0,1)_K_Ψ-(o,1,1)\D(1,0)_C(0,1)_K_Ψ-(o,1,1)_output.mp4"
"_WORD_VIDEOS","456.2","2023-06-22",".mp4","D(1,0)_C(0,1)_K_Ψ-(o,1,1).mp4","_WORD_VIDEOS\Word Recordings Summer 2024\D(1,0)_C(0,1)_K_Ψ-(o,1,1)\D(1,0)_C(0,1)_K_Ψ-(o,1,1).mp4"
"_WORD_VIDEOS","157.7","2023-06-23",".mp4","EΨIΦJΦOΨ_DΨIΦKΦOΨ_(o,1,1)_mirrored.mp4","_WORD_VIDEOS\Word Recordings Summer 2024\EΨIΦJΦOΨ_DΨIΦKΦOΨ_(o,1,1)\EΨIΦJΦOΨ_DΨIΦKΦOΨ_(o,1,1)_mirrored.mp4"
"_WORD_VIDEOS","133.1","2023-06-23",".mp4","EΨIΦJΦOΨ_DΨIΦKΦOΨ_(o,1,1)_output.mp4","_WORD_VIDEOS\Word Recordings Summer 2024\EΨIΦJΦOΨ_DΨIΦKΦOΨ_(o,1,1)\EΨIΦJΦOΨ_DΨIΦKΦOΨ_(o,1,1)_output.mp4"
"_WORD_VIDEOS","570.7","2023-06-23",".mp4","EΨIΦJΦOΨ_DΨIΦKΦOΨ_(o,1,1).mp4","_WORD_VIDEOS\Word Recordings Summer 2024\EΨIΦJΦOΨ_DΨIΦKΦOΨ_(o,1,1)\EΨIΦJΦOΨ_DΨIΦKΦOΨ_(o,1,1).mp4"
"_WORD_VIDEOS","389.4","2023-06-23",".mp4","EΨIΦJΦOΨ_DΨIΦKΦOΨ_merged.mp4","_WORD_VIDEOS\Word Recordings Summer 2024\EΨIΦJΦOΨ_DΨIΦKΦOΨ_(o,1,1)\EΨIΦJΦOΨ_DΨIΦKΦOΨ_merged.mp4"
"_WORD_VIDEOS","63","2023-06-12",".mp4","K(1,1)_Ψ-(o,1,1)_E(1,1)_Φ-(o,1,1_output.mp4","_WORD_VIDEOS\Word Recordings Summer 2024\K(1,1)_Ψ-(o,1,1)_E(1,1)_Φ-(o,1,1_output.mp4"
"_WORD_VIDEOS","36.7","2023-06-12",".mp4","KpsiEphi.mp4","_WORD_VIDEOS\Word Recordings Summer 2024\KpsiEphi.mp4"
"_WORD_VIDEOS","75.7","2023-06-20",".avi","A(1,1)_L_I_Ψ-(o,1,1)_I_Φ(fixed)_output.avi","_WORD_VIDEOS\Word Recordings Summer 2024\Posted\A(1,1)_L_I_Ψ-(o,1,1)_I_Φ\A(1,1)_L_I_Ψ-(o,1,1)_I_Φ(fixed)_output.avi"
"_WORD_VIDEOS","37.8","2023-06-20",".mp4","A(1,1)_L_I_Ψ-(o,1,1)_I_Φ(fixed)_output.mp4","_WORD_VIDEOS\Word Recordings Summer 2024\Posted\A(1,1)_L_I_Ψ-(o,1,1)_I_Φ\A(1,1)_L_I_Ψ-(o,1,1)_I_Φ(fixed)_output.mp4"
"_WORD_VIDEOS","296.8","2023-06-20",".mov","Final A(1,1)_L_I_Ψ-(o,1,1)_I_Φ.mov","_WORD_VIDEOS\Word Recordings Summer 2024\Posted\A(1,1)_L_I_Ψ-(o,1,1)_I_Φ\Final A(1,1)_L_I_Ψ-(o,1,1)_I_Φ.mov"
"_WORD_VIDEOS","133.7","2023-06-20",".mov","A(1,1)_L_I_Ψ-(o,1,1)_I_Φ.mov","_WORD_VIDEOS\Word Recordings Summer 2024\Posted\A(1,1)_L_I_Ψ-(o,1,1)_I_Φ\Mirrored\A(1,1)_L_I_Ψ-(o,1,1)_I_Φ.mov"
"_WORD_VIDEOS","56.4","2023-05-29",".mp4","B_Ψ(s,1,1)_Φ_output.mp4","_WORD_VIDEOS\Word Recordings Summer 2024\Posted\B_Ψ(s,1,1)_Φ\B_Ψ(s,1,1)_Φ_output.mp4"
"_WORD_VIDEOS","364.1","2023-05-29",".mp4","B_Ψ(s,1,1)_Φ.mp4","_WORD_VIDEOS\Word Recordings Summer 2024\Posted\B_Ψ(s,1,1)_Φ\B_Ψ(s,1,1)_Φ.mp4"
"_WORD_VIDEOS","56.8","2023-05-29",".mp4","B_Ψ(s,1,1)_Φ.mp4","_WORD_VIDEOS\Word Recordings Summer 2024\Posted\B_Ψ(s,1,1)_Φ\Original\B_Ψ(s,1,1)_Φ.mp4"
"_WORD_VIDEOS","146.4","2023-06-22",".mp4","C(1,0)_C(0,1)_C_Φ-(o,1,1)_mirrored.MP4","_WORD_VIDEOS\Word Recordings Summer 2024\Posted\C(1,0)_C(0,1)_C_ph-(0,1,1)\C(1,0)_C(0,1)_C_Φ-(o,1,1)_mirrored.MP4"
"_WORD_VIDEOS","61.2","2023-05-30",".mp4","C(1,0)_C(0,1)_C_Φ-(o,1,1)_output.mp4","_WORD_VIDEOS\Word Recordings Summer 2024\Posted\C(1,0)_C(0,1)_C_ph-(0,1,1)\C(1,0)_C(0,1)_C_Φ-(o,1,1)_output.mp4"
"_WORD_VIDEOS","55.7","2023-06-22",".mp4","C(1,0)_C(0,1)_C_Φ-(o,1,1).MP4","_WORD_VIDEOS\Word Recordings Summer 2024\Posted\C(1,0)_C(0,1)_C_ph-(0,1,1)\C(1,0)_C(0,1)_C_Φ-(o,1,1).MP4"
"_WORD_VIDEOS","12","2023-06-22",".mp4","processed_temp.mp4","_WORD_VIDEOS\Word Recordings Summer 2024\Posted\C(1,0)_C(0,1)_C_ph-(0,1,1)\processed_temp.mp4"
"_WORD_VIDEOS","164.1","2023-06-02",".mp4","C(1,0)_Ψ(0,1)_θ(o,1,1)_X- - Copy (2).mp4","_WORD_VIDEOS\Word Recordings Summer 2024\Posted\C(1,0)_Ψ(0,1)_θ(o,1,1)_X-\C(1,0)_Ψ(0,1)_θ(o,1,1)_X- - Copy (2).mp4"
"_WORD_VIDEOS","86.5","2023-06-02",".mov","C(1,0)_Ψ(0,1)_θ(o,1,1)_X-_Mirrored00000000.mov","_WORD_VIDEOS\Word Recordings Summer 2024\Posted\C(1,0)_Ψ(0,1)_θ(o,1,1)_X-\C(1,0)_Ψ(0,1)_θ(o,1,1)_X-_Mirrored00000000.mov"
"_WORD_VIDEOS","121.1","2023-06-02",".mov","C(1,0)_Ψ(0,1)_θ(o,1,1)_X-_output.mov","_WORD_VIDEOS\Word Recordings Summer 2024\Posted\C(1,0)_Ψ(0,1)_θ(o,1,1)_X-\C(1,0)_Ψ(0,1)_θ(o,1,1)_X-_output.mov"
"_WORD_VIDEOS","84.2","2023-06-02",".mp4","C(1,0)_Ψ(0,1)_θ(o,1,1)_X-.mp4","_WORD_VIDEOS\Word Recordings Summer 2024\Posted\C(1,0)_Ψ(0,1)_θ(o,1,1)_X-\C(1,0)_Ψ(0,1)_θ(o,1,1)_X-.mp4"
"_WORD_VIDEOS","42.3","2023-06-02",".mp4","C(1,0)_Ψ(0,1)_θ(o,1,1)_X- - Copy.mp4","_WORD_VIDEOS\Word Recordings Summer 2024\Posted\C(1,0)_Ψ(0,1)_θ(o,1,1)_X-\Original\C(1,0)_Ψ(0,1)_θ(o,1,1)_X- - Copy.mp4"
"_WORD_VIDEOS","69.1","2023-06-02",".mov","IMG_3714.mov","_WORD_VIDEOS\Word Recordings Summer 2024\Posted\C(1,0)_Ψ(0,1)_θ(o,1,1)_X-\Original\IMG_3714.mov"
"_WORD_VIDEOS","194.8","2023-06-02",".mov","C(1,0)_Ψ(0,1)_θ(o,1,1)_X-_ZoomedIn00108002.mov","_WORD_VIDEOS\Word Recordings Summer 2024\Posted\C(1,0)_Ψ(0,1)_θ(o,1,1)_X-\to concatenate\C(1,0)_Ψ(0,1)_θ(o,1,1)_X-_ZoomedIn00108002.mov"
"_WORD_VIDEOS","41.3","2023-06-02",".mp4","J(1,1)_Ψ-(o,1,1)_D(1,1)_B_B_mirrored.mp4","_WORD_VIDEOS\Word Recordings Summer 2024\Posted\J(1,1)_Ψ-(o,1,1)_D(1,1)_B_B\J(1,1)_Ψ-(o,1,1)_D(1,1)_B_B_mirrored.mp4"
"_WORD_VIDEOS","7","2023-05-31",".mp4","J(1,1)_Ψ-(o,1,1)_D(1,1)_B_B.mp4","_WORD_VIDEOS\Word Recordings Summer 2024\Posted\J(1,1)_Ψ-(o,1,1)_D(1,1)_B_B\J(1,1)_Ψ-(o,1,1)_D(1,1)_B_B.mp4"
"_WORD_VIDEOS","78.5","2023-06-12",".mov","K(1,1)_Ψ-(o,1,1)_E(1,1)_Φ-(o,1,1_merged.mov","_WORD_VIDEOS\Word Recordings Summer 2024\Posted\K(1,1)_Ψ-(o,1,1)_E(1,1)_Φ-(o,1,1)\Merged\K(1,1)_Ψ-(o,1,1)_E(1,1)_Φ-(o,1,1_merged.mov"
"_WORD_VIDEOS","301.1","2023-06-12",".mp4","Untitled.mp4","_WORD_VIDEOS\Word Recordings Summer 2024\Posted\K(1,1)_Ψ-(o,1,1)_E(1,1)_Φ-(o,1,1)\Merged\Untitled.mp4"
"_WORD_VIDEOS","110","2023-06-12",".mp4","K(1,1)_Ψ-(o,1,1)_E(1,1)_Φ-(o,1,1_mirrored.mp4","_WORD_VIDEOS\Word Recordings Summer 2024\Posted\K(1,1)_Ψ-(o,1,1)_E(1,1)_Φ-(o,1,1)\Mirrored\K(1,1)_Ψ-(o,1,1)_E(1,1)_Φ-(o,1,1_mirrored.mp4"
"_WORD_VIDEOS","53","2023-06-12",".mp4","K(1,1)_Ψ-(o,1,1)_E(1,1)_Φ-(o,1,1.mp4","_WORD_VIDEOS\Word Recordings Summer 2024\Posted\K(1,1)_Ψ-(o,1,1)_E(1,1)_Φ-(o,1,1)\Original\K(1,1)_Ψ-(o,1,1)_E(1,1)_Φ-(o,1,1.mp4"
"_WORD_VIDEOS","4.9","2023-05-31",".mp4","AABBBBAA (Layer 2).mp4","_WORD_VIDEOS\Word Recordings Summer 2024\Simple words for dictionary\AABBBBAA (Layer 2).mp4"
"_WORD_VIDEOS","4.8","2023-05-31",".mp4","ALID.mp4","_WORD_VIDEOS\Word Recordings Summer 2024\Simple words for dictionary\ALID.mp4"
"_WORD_VIDEOS","2.1","2023-05-31",".mp4","ALΦ.mp4","_WORD_VIDEOS\Word Recordings Summer 2024\Simple words for dictionary\ALΦ.mp4"
"_WORD_VIDEOS","9.7","2023-05-31",".mp4","B(1,1)_Ψ_I_I.mp4","_WORD_VIDEOS\Word Recordings Summer 2024\Simple words for dictionary\B(1,1)_Ψ_I_I.mp4"
"_WORD_VIDEOS","4.3","2023-05-31",".mp4","CCCC.mp4","_WORD_VIDEOS\Word Recordings Summer 2024\Simple words for dictionary\CCCC.mp4"
"_WORD_VIDEOS","9.2","2023-05-31",".mp4","FBΨFAΨ.mp4","_WORD_VIDEOS\Word Recordings Summer 2024\Simple words for dictionary\FBΨFAΨ.mp4"
"_WORD_VIDEOS","3.7","2023-05-31",".mp4","LHHF.mp4","_WORD_VIDEOS\Word Recordings Summer 2024\Simple words for dictionary\LHHF.mp4"
"_WORD_VIDEOS","9.4","2023-05-31",".mp4","NPNPΛ.mp4","_WORD_VIDEOS\Word Recordings Summer 2024\Simple words for dictionary\NPNPΛ.mp4"
"_WORD_VIDEOS","5.7","2023-05-31",".mp4","PQV.mp4","_WORD_VIDEOS\Word Recordings Summer 2024\Simple words for dictionary\PQV.mp4"
"_WORD_VIDEOS","4.9","2023-05-31",".mp4","Φ(s,0.5,0.5)_B_B_Ψ(s,0.5,0.5).mp4","_WORD_VIDEOS\Word Recordings Summer 2024\Simple words for dictionary\Φ(s,0.5,0.5)_B_B_Ψ(s,0.5,0.5).mp4"
"_WORD_VIDEOS","3.2","2023-05-31",".mp4","ΦL.mp4","_WORD_VIDEOS\Word Recordings Summer 2024\Simple words for dictionary\ΦL.mp4"
"_WORD_VIDEOS","6.4","2023-05-31",".mp4","A(1,1)_A(1,1)_Δ(1,0)_Z(1,0)_D(1,1)_J(1,1)_Ω(1,0)_X(1,0).mp4","_WORD_VIDEOS\Word Recordings Summer 2024\To re-record\A(1,1)_A(1,1)_Δ(1,0)_Z(1,0)_D(1,1)_J(1,1)_Ω(1,0)_X(1,0).mp4"
"_WORD_VIDEOS","6.8","2023-05-31",".mp4","A(1,1)_Ψ_G(1,1)_Φ.mp4","_WORD_VIDEOS\Word Recordings Summer 2024\To re-record\A(1,1)_Ψ_G(1,1)_Φ.mp4"
"_WORD_VIDEOS","3.9","2023-05-31",".mp4","BJEA.mp4","_WORD_VIDEOS\Word Recordings Summer 2024\To re-record\BJEA.mp4"
"_WORD_VIDEOS","4.1","2023-05-31",".mp4","CAKE.mp4","_WORD_VIDEOS\Word Recordings Summer 2024\To re-record\CAKE.mp4"
"_WORD_VIDEOS","3.6","2023-05-31",".mp4","DJII.mp4","_WORD_VIDEOS\Word Recordings Summer 2024\To re-record\DJII.mp4"
"_WORD_VIDEOS","3.4","2023-05-31",".mp4","F(0,1)_L(0,1).mp4","_WORD_VIDEOS\Word Recordings Summer 2024\To re-record\F(0,1)_L(0,1).mp4"
"_WORD_VIDEOS","2.7","2023-05-31",".mp4","J(1,1)_E.mp4","_WORD_VIDEOS\Word Recordings Summer 2024\To re-record\J(1,1)_E.mp4"
"_WORD_VIDEOS","3","2023-05-31",".mp4","K(1,1)_D.mp4","_WORD_VIDEOS\Word Recordings Summer 2024\To re-record\K(1,1)_D.mp4"
"_WORD_VIDEOS","2.9","2023-05-31",".mp4","L(1,1)_Φ(s,1,1).mp4","_WORD_VIDEOS\Word Recordings Summer 2024\To re-record\L(1,1)_Φ(s,1,1).mp4"
"_WORD_VIDEOS","29.2","2023-05-31",".mp4","Misc words.mp4","_WORD_VIDEOS\Word Recordings Summer 2024\To re-record\Misc words.mp4"
"_WORD_VIDEOS","2.3","2023-05-31",".mp4","MOON.mp4","_WORD_VIDEOS\Word Recordings Summer 2024\To re-record\MOON.mp4"
"_WORD_VIDEOS","2.6","2023-05-31",".mp4","N(1,1)_S.mp4","_WORD_VIDEOS\Word Recordings Summer 2024\To re-record\N(1,1)_S.mp4"
"_WORD_VIDEOS","9.4","2023-05-31",".mp4","O(1,1)_T_R.mp4","_WORD_VIDEOS\Word Recordings Summer 2024\To re-record\O(1,1)_T_R.mp4"
"_WORD_VIDEOS","2.4","2023-05-31",".mp4","OSOT.mp4","_WORD_VIDEOS\Word Recordings Summer 2024\To re-record\OSOT.mp4"
"_WORD_VIDEOS","4.6","2023-05-31",".mp4","QT.mp4","_WORD_VIDEOS\Word Recordings Summer 2024\To re-record\QT.mp4"
"_WORD_VIDEOS","6.4","2023-05-31",".mp4","R(1,1)_T.mp4","_WORD_VIDEOS\Word Recordings Summer 2024\To re-record\R(1,1)_T.mp4"
"_WORD_VIDEOS","2.9","2023-05-31",".mp4","R(1,1)_Λ-_R(1,1)_Λ.mp4","_WORD_VIDEOS\Word Recordings Summer 2024\To re-record\R(1,1)_Λ-_R(1,1)_Λ.mp4"
"_WORD_VIDEOS","7.2","2023-05-31",".mp4","RRRS.mp4","_WORD_VIDEOS\Word Recordings Summer 2024\To re-record\RRRS.mp4"
"_WORD_VIDEOS","2","2023-05-31",".mp4","Δ(1,0)_O(1,1)_Γ(s,1,1)_Y(1,0).mp4","_WORD_VIDEOS\Word Recordings Summer 2024\To re-record\Δ(1,0)_O(1,1)_Γ(s,1,1)_Y(1,0).mp4"
"_WORD_VIDEOS","12.1","2023-05-31",".mp4","Λ(o,0,1)_V(1,1)_N_Λ(o,0,1) (rerecord from low beta going both directions).mp4","_WORD_VIDEOS\Word Recordings Summer 2024\To re-record\Λ(o,0,1)_V(1,1)_N_Λ(o,0,1) (rerecord from low beta going both directions).mp4"
"_WORD_VIDEOS","12.2","2023-05-31",".mp4","Σ(1,0)_R_S(1,0)_Z-(1,0).mp4","_WORD_VIDEOS\Word Recordings Summer 2024\To re-record\Σ(1,0)_R_S(1,0)_Z-(1,0).mp4"
"_WORD_VIDEOS","6.4","2023-05-31",".mp4","Σ(s,1,1)_Λ(o,0,1)_R_Y(s,1,1).mp4","_WORD_VIDEOS\Word Recordings Summer 2024\To re-record\Σ(s,1,1)_Λ(o,0,1)_R_Y(s,1,1).mp4"
"_WORD_VIDEOS","4.2","2023-05-31",".mp4","Φ(o,1,1)_K_Φ(o,1,1)_J.mp4","_WORD_VIDEOS\Word Recordings Summer 2024\To re-record\Φ(o,1,1)_K_Φ(o,1,1)_J.mp4"
"_WORD_VIDEOS","6","2023-05-31",".mp4","Ψ-(0,1)_F(1,1)_Ψ~(s,0,1)_G.mp4","_WORD_VIDEOS\Word Recordings Summer 2024\To re-record\Ψ-(0,1)_F(1,1)_Ψ~(s,0,1)_G.mp4"
"_WORD_VIDEOS","4.2","2023-05-31",".mp4","Ω(s,0,0.5)_X(s,0,0.5)_Δ(s,0,0.5)_Z(s,0,0.5).mp4","_WORD_VIDEOS\Word Recordings Summer 2024\To re-record\Ω(s,0,0.5)_X(s,0,0.5)_Δ(s,0,0.5)_Z(s,0,0.5).mp4"
"_WORD_VIDEOS","7.2","2023-05-31",".mp4","ΩOOWΣOOY.mp4","_WORD_VIDEOS\Word Recordings Summer 2024\To re-record\ΩOOWΣOOY.mp4"
"_WORD_VIDEOS","31.5","2023-06-01",".mp4","C(1,1)_C_K_Φ(o,1,1)_output.mp4","_WORD_VIDEOS\Word Recordings Summer 2024\To repost with poctographs\C(1,1)_C_K_Φ(o,1,1)\C(1,1)_C_K_Φ(o,1,1)_output.mp4"
"_WORD_VIDEOS","5.6","2023-05-31",".mp4","C(1,1)_C_K_Φ(o,1,1).mp4","_WORD_VIDEOS\Word Recordings Summer 2024\To repost with poctographs\C(1,1)_C_K_Φ(o,1,1)\C(1,1)_C_K_Φ(o,1,1).mp4"
"_WORD_VIDEOS","8.7","2023-05-31",".mp4","E_Ψ~(s,0,1)_H_D_C_K_Ψ-(o,1,1).mp4","_WORD_VIDEOS\Word Recordings Summer 2024\To repost with poctographs\E_Ψ~(s,0,1)_H_D_C_K_Ψ-(o,1,1).mp4"
"_WORD_VIDEOS","184.4","2023-06-02",".mp4","θ-(1,0)_X-(1,0)_zoomed.mp4","_WORD_VIDEOS\Word Recordings Summer 2024\To repost with poctographs\θ-(1,0)_X-(1,0)\mirrored\θ-(1,0)_X-(1,0)_zoomed.mp4"
"_WORD_VIDEOS","12.8","2023-06-03",".mov","new.mov","_WORD_VIDEOS\Word Recordings Summer 2024\To repost with poctographs\θ-(1,0)_X-(1,0)\new.mov"
"_WORD_VIDEOS","12.3","2023-05-31",".mp4","θ-(1,0)_X-(1,0).mp4","_WORD_VIDEOS\Word Recordings Summer 2024\To repost with poctographs\θ-(1,0)_X-(1,0)\θ-(1,0)_X-(1,0).mp4"
"_WORD_VIDEOS","8.9","2023-05-31",".mp4","Λ_Y_Φ_Ψ variations.mp4","_WORD_VIDEOS\Word Recordings Summer 2024\To repost with poctographs\Λ_Y_Φ_Ψ variations.mp4"
"_WORD_VIDEOS","186.7","2023-06-12",".mov","Untitled.mov","_WORD_VIDEOS\Word Recordings Summer 2024\Untitled.mov"
"_WORD_VIDEOS","621.7","2023-06-21",".mp4","1Untitled.mp4","_WORD_VIDEOS\Word Recordings Summer 2024\Δ-_Λ(s,0,1)_R_Z(s,o,1)\1Untitled.mp4"
"_WORD_VIDEOS","177.8","2023-06-21",".mp4","Δ-_Λ(s,0,1)_R_Z(s,o,1).mp4","_WORD_VIDEOS\Word Recordings Summer 2024\Δ-_Λ(s,0,1)_R_Z(s,o,1)\Original\Δ-_Λ(s,0,1)_R_Z(s,o,1).mp4"
"_WORD_VIDEOS","54.4","2023-06-21",".mp4","phi.MP4","_WORD_VIDEOS\Word Recordings Summer 2024\Δ-_Λ(s,0,1)_R_Z(s,o,1)\phi.MP4"
"_WORD_VIDEOS","410.8","2023-06-21",".mp4","Δ-_Λ(s,0,1)_R_Z(s,o,1)_final.mp4","_WORD_VIDEOS\Word Recordings Summer 2024\Δ-_Λ(s,0,1)_R_Z(s,o,1)\Δ-_Λ(s,0,1)_R_Z(s,o,1)_final.mp4"
"_WORD_VIDEOS","646.7","2023-06-21",".mp4","Δ-_Λ(s,0,1)_R_Z(s,o,1)_mirrored.mp4","_WORD_VIDEOS\Word Recordings Summer 2024\Δ-_Λ(s,0,1)_R_Z(s,o,1)\Δ-_Λ(s,0,1)_R_Z(s,o,1)_mirrored.mp4"
"_WORD_VIDEOS","556.7","2023-09-13",".mp4","Φ-BKE_Graphed.mp4","_WORD_VIDEOS\Word Recordings Summer 2024\Φ-BKE\Φ-BKE_Graphed.mp4"
"_WORD_VIDEOS","78.3","2023-09-13",".mp4","Φ-BKE_Mirrored_1080.mp4","_WORD_VIDEOS\Word Recordings Summer 2024\Φ-BKE\Φ-BKE_Mirrored_1080.mp4"
"_WORD_VIDEOS","520.6","2023-09-13",".mp4","Φ-BKE_Mirrored.mp4","_WORD_VIDEOS\Word Recordings Summer 2024\Φ-BKE\Φ-BKE_Mirrored.mp4"
"_WORD_VIDEOS","46.2","2023-09-13",".mp4","Φ-BKE.mp4","_WORD_VIDEOS\Word Recordings Summer 2024\Φ-BKE\Φ-BKE.mp4"
"_WORD_VIDEOS","3.5","2024-12-28",".mp4","X-BPhi-The-.mp4","_WORD_VIDEOS\X-BPhi-The-.mp4"
