letter,startPosition,endPosition,timing,direction,blueMotionType,blueRotationDirection,blueStartLocation,blueEndLocation,redMotionType,redRotationDirection,redStartLocation,redEndLocation
G,beta1,beta2,tog,same,pro,cw,n,se,pro,cw,n,se
G,beta1,beta3,tog,same,pro,ccw,n,sw,pro,ccw,n,sw
G,beta2,beta3,tog,same,pro,cw,se,sw,pro,cw,se,sw
G,beta2,beta1,tog,same,pro,ccw,se,n,pro,ccw,se,n
G,beta3,beta1,tog,same,pro,cw,sw,n,pro,cw,sw,n
G,beta3,beta2,tog,same,pro,ccw,sw,se,pro,ccw,sw,se
H,beta1,beta2,tog,same,anti,cw,n,se,anti,cw,n,se
H,beta1,beta3,tog,same,anti,ccw,n,sw,anti,ccw,n,sw
H,beta2,beta3,tog,same,anti,cw,se,sw,anti,cw,se,sw
H,beta2,beta1,tog,same,anti,ccw,se,n,anti,ccw,se,n
H,beta3,beta1,tog,same,anti,cw,sw,n,anti,cw,sw,n
H,beta3,beta2,tog,same,anti,ccw,sw,se,anti,ccw,sw,se
I,beta1,beta2,tog,same,pro,cw,n,se,anti,cw,n,se
I,beta1,beta3,tog,same,pro,ccw,n,sw,anti,ccw,n,sw
I,beta2,beta3,tog,same,pro,cw,se,sw,anti,cw,se,sw
I,beta2,beta1,tog,same,pro,ccw,se,n,anti,ccw,se,n
I,beta3,beta1,tog,same,pro,cw,sw,n,anti,cw,sw,n
I,beta3,beta2,tog,same,pro,ccw,sw,se,anti,ccw,sw,se
J,beta1,gamma4,tog,opp,pro,cw,n,se,pro,ccw,n,sw
J,beta1,gamma6,tog,opp,pro,ccw,n,sw,pro,cw,n,se
J,beta2,gamma5,tog,opp,pro,cw,se,sw,pro,ccw,se,n
J,beta2,gamma2,tog,opp,pro,ccw,se,n,pro,cw,se,sw
J,beta3,gamma1,tog,opp,pro,cw,sw,n,pro,ccw,sw,se
J,beta3,gamma3,tog,opp,pro,ccw,sw,se,pro,cw,sw,n
K,beta1,gamma4,tog,opp,anti,cw,n,se,anti,ccw,n,sw
K,beta1,gamma6,tog,opp,anti,ccw,n,sw,anti,cw,n,se
K,beta2,gamma5,tog,opp,anti,cw,se,sw,anti,ccw,se,n
K,beta2,gamma2,tog,opp,anti,ccw,se,n,anti,cw,se,sw
K,beta3,gamma1,tog,opp,anti,cw,sw,n,anti,ccw,sw,se
K,beta3,gamma3,tog,opp,anti,ccw,sw,se,anti,cw,sw,n
L,beta1,gamma4,tog,opp,pro,cw,n,se,anti,ccw,n,sw
L,beta1,gamma6,tog,opp,pro,ccw,n,sw,anti,cw,n,se
L,beta2,gamma5,tog,opp,pro,cw,se,sw,anti,ccw,se,n
L,beta2,gamma2,tog,opp,pro,ccw,se,n,anti,cw,se,sw
L,beta3,gamma1,tog,opp,pro,cw,sw,n,anti,ccw,sw,se
L,beta3,gamma3,tog,opp,pro,ccw,sw,se,anti,cw,sw,n
M,gamma1,gamma3,split,opp,pro,cw,n,se,pro,ccw,se,n
M,gamma2,gamma5,split,opp,pro,ccw,n,sw,pro,cw,sw,n
M,gamma3,gamma1,split,opp,pro,ccw,se,n,pro,cw,n,se
M,gamma4,gamma6,split,opp,pro,cw,se,sw,pro,ccw,sw,se
M,gamma5,gamma2,split,opp,pro,cw,sw,n,pro,ccw,n,sw
M,gamma6,gamma4,split,opp,pro,ccw,sw,se,pro,cw,se,sw
N,gamma1,gamma3,split,opp,anti,cw,n,se,anti,ccw,se,n
N,gamma2,gamma5,split,opp,anti,ccw,n,sw,anti,cw,sw,n
N,gamma3,gamma1,split,opp,anti,ccw,se,n,anti,cw,n,se
N,gamma4,gamma6,split,opp,anti,cw,se,sw,anti,ccw,sw,se
N,gamma5,gamma2,split,opp,anti,cw,sw,n,anti,ccw,n,sw
N,gamma6,gamma4,split,opp,anti,ccw,sw,se,anti,cw,se,sw
O,gamma1,gamma3,split,opp,pro,cw,n,se,anti,ccw,se,n
O,gamma2,gamma5,split,opp,pro,ccw,n,sw,anti,cw,sw,n
O,gamma3,gamma1,split,opp,pro,ccw,se,n,anti,cw,n,se
O,gamma4,gamma6,split,opp,pro,cw,se,sw,anti,ccw,sw,se
O,gamma5,gamma2,split,opp,pro,cw,sw,n,anti,ccw,n,sw
O,gamma6,gamma4,split,opp,pro,ccw,sw,se,anti,cw,se,sw
P,gamma1,gamma4,split,same,pro,cw,n,se,pro,cw,se,sw
P,gamma1,gamma5,split,same,pro,ccw,n,sw,pro,ccw,se,n
P,gamma2,gamma3,split,same,pro,cw,n,se,pro,cw,sw,n
P,gamma2,gamma6,split,same,pro,ccw,n,sw,pro,ccw,sw,se
P,gamma3,gamma6,split,same,pro,cw,se,sw,pro,cw,n,se
P,gamma3,gamma2,split,same,pro,ccw,se,n,pro,ccw,n,sw
P,gamma4,gamma5,split,same,pro,cw,se,sw,pro,cw,sw,n
P,gamma4,gamma1,split,same,pro,ccw,se,n,pro,ccw,sw,se
P,gamma5,gamma1,split,same,pro,cw,sw,n,pro,cw,n,se
P,gamma5,gamma4,split,same,pro,ccw,sw,se,pro,ccw,n,sw
P,gamma6,gamma2,split,same,pro,cw,sw,n,pro,cw,se,sw
P,gamma6,gamma3,split,same,pro,ccw,sw,se,pro,ccw,se,n
Q,gamma1,gamma4,split,same,anti,cw,n,se,anti,cw,se,sw
Q,gamma1,gamma5,split,same,anti,ccw,n,sw,anti,ccw,se,n
Q,gamma2,gamma3,split,same,anti,cw,n,se,anti,cw,sw,n
Q,gamma2,gamma6,split,same,anti,ccw,n,sw,anti,ccw,sw,se
Q,gamma3,gamma6,split,same,anti,cw,se,sw,anti,cw,n,se
Q,gamma3,gamma2,split,same,anti,ccw,se,n,anti,ccw,n,sw
Q,gamma4,gamma5,split,same,anti,cw,se,sw,anti,cw,sw,n
Q,gamma4,gamma1,split,same,anti,ccw,se,n,anti,ccw,sw,se
Q,gamma5,gamma1,split,same,anti,cw,sw,n,anti,cw,n,se
Q,gamma5,gamma4,split,same,anti,ccw,sw,se,anti,ccw,n,sw
Q,gamma6,gamma2,split,same,anti,cw,sw,n,anti,cw,se,sw
Q,gamma6,gamma3,split,same,anti,ccw,sw,se,anti,ccw,se,n
R,gamma1,gamma4,split,same,pro,cw,n,se,anti,cw,se,sw
R,gamma1,gamma5,split,same,pro,ccw,n,sw,anti,ccw,se,n
R,gamma2,gamma3,split,same,pro,cw,n,se,anti,cw,sw,n
R,gamma2,gamma6,split,same,pro,ccw,n,sw,anti,ccw,sw,se
R,gamma3,gamma6,split,same,pro,cw,se,sw,anti,cw,n,se
R,gamma3,gamma2,split,same,pro,ccw,se,n,anti,ccw,n,sw
R,gamma4,gamma5,split,same,pro,cw,se,sw,anti,cw,sw,n
R,gamma4,gamma1,split,same,pro,ccw,se,n,anti,ccw,sw,se
R,gamma5,gamma1,split,same,pro,cw,sw,n,anti,cw,n,se
R,gamma5,gamma4,split,same,pro,ccw,sw,se,anti,ccw,n,sw
R,gamma6,gamma2,split,same,pro,cw,sw,n,anti,cw,se,sw
R,gamma6,gamma3,split,same,pro,ccw,sw,se,anti,ccw,se,n
S,gamma1,gamma4,quarter,same,pro,cw,n,se,pro,cw,se,sw
S,gamma1,gamma5,quarter,same,pro,ccw,n,sw,pro,ccw,se,n
S,gamma2,gamma3,quarter,same,pro,cw,n,se,pro,cw,sw,n
S,gamma2,gamma6,quarter,same,pro,ccw,n,sw,pro,ccw,sw,se
S,gamma3,gamma6,quarter,same,pro,cw,se,sw,pro,cw,n,se
S,gamma3,gamma2,quarter,same,pro,ccw,se,n,pro,ccw,n,sw
S,gamma4,gamma5,quarter,same,pro,cw,se,sw,pro,cw,sw,n
S,gamma4,gamma1,quarter,same,pro,ccw,se,n,pro,ccw,sw,se
S,gamma5,gamma1,quarter,same,pro,cw,sw,n,pro,cw,n,se
S,gamma5,gamma4,quarter,same,pro,ccw,sw,se,pro,ccw,n,sw
S,gamma6,gamma2,quarter,same,pro,cw,sw,n,pro,cw,se,sw
S,gamma6,gamma3,quarter,same,pro,ccw,sw,se,pro,ccw,se,n
T,gamma1,gamma4,quarter,same,anti,cw,n,se,anti,cw,se,sw
T,gamma1,gamma5,quarter,same,anti,ccw,n,sw,anti,ccw,se,n
T,gamma2,gamma3,quarter,same,anti,cw,n,se,anti,cw,sw,n
T,gamma2,gamma6,quarter,same,anti,ccw,n,sw,anti,ccw,sw,se
T,gamma3,gamma6,quarter,same,anti,cw,se,sw,anti,cw,n,se
T,gamma3,gamma2,quarter,same,anti,ccw,se,n,anti,ccw,n,sw
T,gamma4,gamma5,quarter,same,anti,cw,se,sw,anti,cw,sw,n
T,gamma4,gamma1,quarter,same,anti,ccw,se,n,anti,ccw,sw,se
T,gamma5,gamma1,quarter,same,anti,cw,sw,n,anti,cw,n,se
T,gamma5,gamma4,quarter,same,anti,ccw,sw,se,anti,ccw,n,sw
T,gamma6,gamma2,quarter,same,anti,cw,sw,n,anti,cw,se,sw
T,gamma6,gamma3,quarter,same,anti,ccw,sw,se,anti,ccw,se,n
U,gamma1,gamma4,quarter,same,pro,cw,n,se,anti,cw,se,sw
U,gamma1,gamma5,quarter,same,pro,ccw,n,sw,anti,ccw,se,n
U,gamma2,gamma3,quarter,same,pro,cw,n,se,anti,cw,sw,n
U,gamma2,gamma6,quarter,same,pro,ccw,n,sw,anti,ccw,sw,se
U,gamma3,gamma6,quarter,same,pro,cw,se,sw,anti,cw,n,se
U,gamma3,gamma2,quarter,same,pro,ccw,se,n,anti,ccw,n,sw
U,gamma4,gamma5,quarter,same,pro,cw,se,sw,anti,cw,sw,n
U,gamma4,gamma1,quarter,same,pro,ccw,se,n,anti,ccw,sw,se
U,gamma5,gamma1,quarter,same,pro,cw,sw,n,anti,cw,n,se
U,gamma5,gamma4,quarter,same,pro,ccw,sw,se,anti,ccw,n,sw
U,gamma6,gamma2,quarter,same,pro,cw,sw,n,anti,cw,se,sw
U,gamma6,gamma3,quarter,same,pro,ccw,sw,se,anti,ccw,se,n
V,gamma1,gamma3,quarter,opp,pro,cw,n,se,pro,ccw,se,n
V,gamma2,gamma5,quarter,opp,pro,ccw,n,sw,pro,cw,sw,n
V,gamma3,gamma1,quarter,opp,pro,ccw,se,n,pro,cw,n,se
V,gamma4,gamma6,quarter,opp,pro,cw,se,sw,pro,ccw,sw,se
V,gamma5,gamma2,quarter,opp,pro,cw,sw,n,pro,ccw,n,sw
V,gamma6,gamma4,quarter,opp,pro,ccw,sw,se,pro,cw,se,sw
W,gamma1,gamma2,split,opp,static,noRotation,n,n,pro,cw,se,sw
W,gamma1,gamma6,split,opp,pro,ccw,n,sw,static,noRotation,se,se
W,gamma2,gamma4,split,opp,pro,cw,n,se,static,noRotation,sw,sw
W,gamma2,gamma1,split,opp,static,noRotation,n,n,pro,ccw,sw,se
W,gamma3,gamma5,split,opp,pro,cw,se,sw,static,noRotation,n,n
W,gamma3,gamma4,split,opp,static,noRotation,se,se,pro,ccw,n,sw
W,gamma4,gamma3,split,opp,static,noRotation,se,se,pro,cw,sw,n
W,gamma4,gamma2,split,opp,pro,ccw,se,n,static,noRotation,sw,sw
W,gamma5,gamma6,split,opp,static,noRotation,sw,sw,pro,cw,n,se
W,gamma5,gamma3,split,opp,pro,ccw,sw,se,static,noRotation,n,n
W,gamma6,gamma1,split,opp,pro,cw,sw,n,static,noRotation,se,se
W,gamma6,gamma5,split,opp,static,noRotation,sw,sw,pro,ccw,se,n
X,gamma1,gamma2,split,opp,static,noRotation,n,n,anti,cw,se,sw
X,gamma1,gamma6,split,opp,anti,ccw,n,sw,static,noRotation,se,se
X,gamma2,gamma4,split,opp,anti,cw,n,se,static,noRotation,sw,sw
X,gamma2,gamma1,split,opp,static,noRotation,n,n,anti,ccw,sw,se
X,gamma3,gamma5,split,opp,anti,cw,se,sw,static,noRotation,n,n
X,gamma3,gamma4,split,opp,static,noRotation,se,se,anti,ccw,n,sw
X,gamma4,gamma3,split,opp,static,noRotation,se,se,anti,cw,sw,n
X,gamma4,gamma2,split,opp,anti,ccw,se,n,static,noRotation,sw,sw
X,gamma5,gamma6,split,opp,static,noRotation,sw,sw,anti,cw,n,se
X,gamma5,gamma3,split,opp,anti,ccw,sw,se,static,noRotation,n,n
X,gamma6,gamma1,split,opp,anti,cw,sw,n,static,noRotation,se,se
X,gamma6,gamma5,split,opp,static,noRotation,sw,sw,anti,ccw,se,n
Y,gamma1,beta2,split,opp,pro,cw,n,se,static,noRotation,se,se
Y,gamma1,beta1,split,opp,static,noRotation,n,n,pro,ccw,se,n
Y,gamma2,beta1,split,opp,static,noRotation,n,n,pro,cw,sw,n
Y,gamma2,beta3,split,opp,pro,ccw,n,sw,static,noRotation,sw,sw
Y,gamma3,beta2,split,opp,static,noRotation,se,se,pro,cw,n,se
Y,gamma3,beta1,split,opp,pro,ccw,se,n,static,noRotation,n,n
Y,gamma4,beta3,split,opp,pro,cw,se,sw,static,noRotation,sw,sw
Y,gamma4,beta2,split,opp,static,noRotation,se,se,pro,ccw,sw,se
Y,gamma5,beta1,split,opp,pro,cw,sw,n,static,noRotation,n,n
Y,gamma5,beta3,split,opp,static,noRotation,sw,sw,pro,ccw,n,sw
Y,gamma6,beta3,split,opp,static,noRotation,sw,sw,pro,cw,se,sw
Y,gamma6,beta2,split,opp,pro,ccw,sw,se,static,noRotation,se,se
Z,gamma1,beta2,split,opp,anti,cw,n,se,static,noRotation,se,se
Z,gamma1,beta1,split,opp,static,noRotation,n,n,anti,ccw,se,n
Z,gamma2,beta1,split,opp,static,noRotation,n,n,anti,cw,sw,n
Z,gamma2,beta3,split,opp,anti,ccw,n,sw,static,noRotation,sw,sw
Z,gamma3,beta2,split,opp,static,noRotation,se,se,anti,cw,n,se
Z,gamma3,beta1,split,opp,anti,ccw,se,n,static,noRotation,n,n
Z,gamma4,beta3,split,opp,anti,cw,se,sw,static,noRotation,sw,sw
Z,gamma4,beta2,split,opp,static,noRotation,se,se,anti,ccw,sw,se
Z,gamma5,beta1,split,opp,anti,cw,sw,n,static,noRotation,n,n
Z,gamma5,beta3,split,opp,static,noRotation,sw,sw,anti,ccw,n,sw
Z,gamma6,beta3,split,opp,static,noRotation,sw,sw,anti,cw,se,sw
Z,gamma6,beta2,split,opp,anti,ccw,sw,se,static,noRotation,se,se
β,beta1,beta1,none,none,static,noRotation,n,n,static,noRotation,n,n
β,beta2,beta2,none,none,static,noRotation,se,se,static,noRotation,se,se
β,beta3,beta3,none,none,static,noRotation,sw,sw,static,noRotation,sw,sw
γ,gamma1,gamma1,none,none,static,noRotation,n,n,static,noRotation,se,se
γ,gamma2,gamma2,none,none,static,noRotation,n,n,static,noRotation,sw,sw
γ,gamma3,gamma3,none,none,static,noRotation,se,se,static,noRotation,n,n
γ,gamma4,gamma4,none,none,static,noRotation,se,se,static,noRotation,sw,sw
γ,gamma5,gamma5,none,none,static,noRotation,sw,sw,static,noRotation,n,n
γ,gamma6,gamma6,none,none,static,noRotation,sw,sw,static,noRotation,se,se
